RMSE,MAE,top_10_f1_score,top_10_precision,top_1_precision,precision_at_k
1.7738276822917853,1.4595959595959596,0.006386999244142102,0.021428571428571425,0.023809523809523808,0.021428571428571425
