RMSE,MAE,top_10_f1_score,top_10_precision,top_1_precision,precision_at_k
1.7009580908906285,1.2415730337078652,0.014121315192743764,0.030952380952380946,0.047619047619047616,0.030952380952380946
